-- SHIFT SOLVER AI — Seed: restaurante + 8 trabajadores + demanda semanal
-- Datos fielmente extraídos de docs/SHIFT SOLVER AI (PLANTEAMIENTO DEL PROBLEMA).pdf

-- ---------------------------------------------------------------------------
-- Restaurante
-- ---------------------------------------------------------------------------
INSERT INTO restaurants (id, nombre)
VALUES ('00000000-0000-0000-0000-000000000001', 'Restaurante Tarragona')
ON CONFLICT (id) DO NOTHING;

-- ---------------------------------------------------------------------------
-- Trabajadores (8 del PDF)
-- ---------------------------------------------------------------------------
INSERT INTO workers (id, restaurant_id, nombre, rol) VALUES
  ('10000000-0000-0000-0000-000000000001', '00000000-0000-0000-0000-000000000001', 'EDGAR',     'DUENO'),
  ('10000000-0000-0000-0000-000000000002', '00000000-0000-0000-0000-000000000001', 'SARA',      'ENCARGADO'),
  ('10000000-0000-0000-0000-000000000003', '00000000-0000-0000-0000-000000000001', 'MILAGROS',  'SEMI_ENCARGADO'),
  ('10000000-0000-0000-0000-000000000004', '00000000-0000-0000-0000-000000000001', 'DANA',      'SEMI_ENCARGADO'),
  ('10000000-0000-0000-0000-000000000005', '00000000-0000-0000-0000-000000000001', 'YULI',      'CAMARERO_BASICO'),
  ('10000000-0000-0000-0000-000000000006', '00000000-0000-0000-0000-000000000001', 'ANASTASIA', 'CAMARERO_BASICO'),
  ('10000000-0000-0000-0000-000000000007', '00000000-0000-0000-0000-000000000001', 'MAYTE',     'CAMARERO_BASICO'),
  ('10000000-0000-0000-0000-000000000008', '00000000-0000-0000-0000-000000000001', 'JOSE',      'CAMARERO_BASICO')
ON CONFLICT (restaurant_id, nombre) DO NOTHING;

-- ---------------------------------------------------------------------------
-- Contratos
-- ---------------------------------------------------------------------------
INSERT INTO contracts (worker_id, tipo, horas, min_horas, max_horas) VALUES
  ('10000000-0000-0000-0000-000000000001', 'horquilla', NULL, 12, 28),  -- EDGAR
  ('10000000-0000-0000-0000-000000000002', 'fijo',        40, NULL, NULL),  -- SARA
  ('10000000-0000-0000-0000-000000000003', 'fijo',        40, NULL, NULL),  -- MILAGROS
  ('10000000-0000-0000-0000-000000000004', 'fijo',        40, NULL, NULL),  -- DANA
  ('10000000-0000-0000-0000-000000000005', 'fijo',        40, NULL, NULL),  -- YULI
  ('10000000-0000-0000-0000-000000000006', 'fijo',        40, NULL, NULL),  -- ANASTASIA
  ('10000000-0000-0000-0000-000000000007', 'fijo',        34, NULL, NULL),  -- MAYTE
  ('10000000-0000-0000-0000-000000000008', 'horquilla', NULL, 12, 28)   -- JOSE
ON CONFLICT (worker_id) DO NOTHING;

-- ---------------------------------------------------------------------------
-- Etiquetas por trabajador
-- ---------------------------------------------------------------------------
INSERT INTO worker_tags (worker_id, etiqueta) VALUES
  -- EDGAR
  ('10000000-0000-0000-0000-000000000001', 'CAJERA'),
  ('10000000-0000-0000-0000-000000000001', 'BANDEJERA'),
  ('10000000-0000-0000-0000-000000000001', 'COMANDERA'),
  ('10000000-0000-0000-0000-000000000001', 'BARRA'),
  ('10000000-0000-0000-0000-000000000001', 'DELIVERY'),
  -- SARA (todas las etiquetas)
  ('10000000-0000-0000-0000-000000000002', 'PASTAS'),
  ('10000000-0000-0000-0000-000000000002', 'APERTURA'),
  ('10000000-0000-0000-0000-000000000002', 'CAJERA'),
  ('10000000-0000-0000-0000-000000000002', 'BARISTA'),
  ('10000000-0000-0000-0000-000000000002', 'BANDEJERA'),
  ('10000000-0000-0000-0000-000000000002', 'PLANCHISTA'),
  ('10000000-0000-0000-0000-000000000002', 'COMANDERA'),
  ('10000000-0000-0000-0000-000000000002', 'BARRA'),
  ('10000000-0000-0000-0000-000000000002', 'DELIVERY'),
  ('10000000-0000-0000-0000-000000000002', 'CIERRE'),
  ('10000000-0000-0000-0000-000000000002', 'CONTABLE'),
  -- MILAGROS
  ('10000000-0000-0000-0000-000000000003', 'PASTAS'),
  ('10000000-0000-0000-0000-000000000003', 'APERTURA'),
  ('10000000-0000-0000-0000-000000000003', 'CAJERA'),
  ('10000000-0000-0000-0000-000000000003', 'BARISTA'),
  ('10000000-0000-0000-0000-000000000003', 'BANDEJERA'),
  ('10000000-0000-0000-0000-000000000003', 'COMANDERA'),
  ('10000000-0000-0000-0000-000000000003', 'BARRA'),
  ('10000000-0000-0000-0000-000000000003', 'DELIVERY'),
  ('10000000-0000-0000-0000-000000000003', 'CIERRE'),
  ('10000000-0000-0000-0000-000000000003', 'CONTABLE'),
  -- DANA
  ('10000000-0000-0000-0000-000000000004', 'PASTAS'),
  ('10000000-0000-0000-0000-000000000004', 'APERTURA'),
  ('10000000-0000-0000-0000-000000000004', 'CAJERA'),
  ('10000000-0000-0000-0000-000000000004', 'BARISTA'),
  ('10000000-0000-0000-0000-000000000004', 'BANDEJERA'),
  ('10000000-0000-0000-0000-000000000004', 'COMANDERA'),
  ('10000000-0000-0000-0000-000000000004', 'BARRA'),
  ('10000000-0000-0000-0000-000000000004', 'DELIVERY'),
  ('10000000-0000-0000-0000-000000000004', 'CIERRE'),
  ('10000000-0000-0000-0000-000000000004', 'CONTABLE'),
  -- YULI
  ('10000000-0000-0000-0000-000000000005', 'PASTAS'),
  ('10000000-0000-0000-0000-000000000005', 'APERTURA'),
  ('10000000-0000-0000-0000-000000000005', 'CAJERA'),
  ('10000000-0000-0000-0000-000000000005', 'BARISTA'),
  ('10000000-0000-0000-0000-000000000005', 'BANDEJERA'),
  ('10000000-0000-0000-0000-000000000005', 'COMANDERA'),
  ('10000000-0000-0000-0000-000000000005', 'BARRA'),
  ('10000000-0000-0000-0000-000000000005', 'CIERRE'),
  -- ANASTASIA
  ('10000000-0000-0000-0000-000000000006', 'PASTAS'),
  ('10000000-0000-0000-0000-000000000006', 'APERTURA'),
  ('10000000-0000-0000-0000-000000000006', 'CAJERA'),
  ('10000000-0000-0000-0000-000000000006', 'BARISTA'),
  ('10000000-0000-0000-0000-000000000006', 'BANDEJERA'),
  ('10000000-0000-0000-0000-000000000006', 'COMANDERA'),
  ('10000000-0000-0000-0000-000000000006', 'BARRA'),
  ('10000000-0000-0000-0000-000000000006', 'CIERRE'),
  -- MAYTE
  ('10000000-0000-0000-0000-000000000007', 'APERTURA'),
  ('10000000-0000-0000-0000-000000000007', 'CAJERA'),
  ('10000000-0000-0000-0000-000000000007', 'BARISTA'),
  ('10000000-0000-0000-0000-000000000007', 'BANDEJERA'),
  ('10000000-0000-0000-0000-000000000007', 'COMANDERA'),
  ('10000000-0000-0000-0000-000000000007', 'BARRA'),
  -- JOSE
  ('10000000-0000-0000-0000-000000000008', 'CAJERA'),
  ('10000000-0000-0000-0000-000000000008', 'BARISTA'),
  ('10000000-0000-0000-0000-000000000008', 'BANDEJERA'),
  ('10000000-0000-0000-0000-000000000008', 'PLANCHISTA'),
  ('10000000-0000-0000-0000-000000000008', 'COMANDERA'),
  ('10000000-0000-0000-0000-000000000008', 'BARRA'),
  ('10000000-0000-0000-0000-000000000008', 'CIERRE')
ON CONFLICT (worker_id, etiqueta) DO NOTHING;

-- ---------------------------------------------------------------------------
-- Restricciones individuales
-- ---------------------------------------------------------------------------
INSERT INTO worker_restrictions (worker_id, restricciones) VALUES
  ('10000000-0000-0000-0000-000000000001', '{
    "dias_libres": ["SABADO", "DOMINGO"],
    "no_antes_de": [{"hora": "08:00", "dias": "TODOS"}],
    "no_despues_de": [{"hora": "18:00", "dias": "TODOS"}],
    "trabajar_obligatorio": [],
    "texto_pdf": "Sabado y Domingo como dias de descanso. No puede trabajar antes de las 08:00h ni mas tarde de las 18:00h. Solo trabaja jornada continuada."
  }'),
  ('10000000-0000-0000-0000-000000000002', '{
    "dias_libres": ["DOMINGO"],
    "no_antes_de": [],
    "no_despues_de": [],
    "trabajar_obligatorio": [{"dia": "JUEVES", "desde": "11:00", "hasta": "13:00"}],
    "texto_pdf": "Domingo como dia de descanso. Jueves tiene que trabajar en algun momento entre las 11:00h y las 13:00h obligatoriamente."
  }'),
  ('10000000-0000-0000-0000-000000000003', '{
    "dias_libres": [],
    "no_antes_de": [],
    "no_despues_de": [],
    "trabajar_obligatorio": [],
    "texto_pdf": "Ninguna."
  }'),
  ('10000000-0000-0000-0000-000000000004', '{
    "dias_libres": [],
    "no_antes_de": [],
    "no_despues_de": [],
    "trabajar_obligatorio": [],
    "texto_pdf": "Ninguna."
  }'),
  ('10000000-0000-0000-0000-000000000005', '{
    "dias_libres": [],
    "no_antes_de": [],
    "no_despues_de": [],
    "trabajar_obligatorio": [],
    "texto_pdf": "Ninguna."
  }'),
  ('10000000-0000-0000-0000-000000000006', '{
    "dias_libres": [],
    "no_antes_de": [],
    "no_despues_de": [],
    "trabajar_obligatorio": [],
    "texto_pdf": "Ninguna."
  }'),
  ('10000000-0000-0000-0000-000000000007', '{
    "dias_libres": [],
    "no_antes_de": [{"hora": "07:00", "dias": "TODOS"}],
    "no_despues_de": [{"hora": "22:00", "dias": ["DOMINGO", "LUNES", "MARTES", "MIERCOLES", "JUEVES"]}],
    "trabajar_obligatorio": [],
    "texto_pdf": "De DOMINGO a JUEVES no puede trabajar mas tarde de las 22:00h. De LUNES a DOMINGO no puede trabajar antes de las 07:00h."
  }'),
  ('10000000-0000-0000-0000-000000000008', '{
    "dias_libres": ["LUNES", "MARTES", "MIERCOLES", "JUEVES"],
    "no_antes_de": [{"hora": "07:00", "dias": "TODOS"}],
    "no_despues_de": [{"hora": "22:00", "dias": ["DOMINGO"]}],
    "trabajar_obligatorio": [],
    "texto_pdf": "DOMINGO no puede trabajar mas tarde de las 22:00h. LUNES a JUEVES no puede trabajar. De LUNES a DOMINGO no puede trabajar antes de las 07:00h."
  }')
ON CONFLICT (worker_id) DO UPDATE SET restricciones = EXCLUDED.restricciones;

-- ---------------------------------------------------------------------------
-- Necesidades del restaurante — demanda semanal
-- Datos: FRANJAS_*_NUM + FRANJAS_*_ROL + FRANJAS_*_ETI de data.py
-- ---------------------------------------------------------------------------
-- Macro para no repetir el restaurant_id
DO $$
DECLARE
  rid UUID := '00000000-0000-0000-0000-000000000001';
BEGIN

-- LUNES (mismas franjas que MAR, MIE, JUE — se insertan los 4 dias)
-- Num: FRANJAS_LMXJ_NUM | Rol: FRANJAS_LMXJ_ROL | Eti: FRANJAS_LMXJV_ETI
INSERT INTO shift_needs (restaurant_id, dia, inicio, fin, personas, personas_por_rol, etiquetas) VALUES
  (rid,'LUNES','06:00','06:30',1,'{"CAMARERO_BASICO":1}','{"PASTAS"}'),
  (rid,'LUNES','06:30','07:00',1,'{"CAMARERO_BASICO":1}','{"PASTAS"}'),
  (rid,'LUNES','07:00','08:00',2,'{"CAMARERO_BASICO":2}','{"APERTURA","CAJERA","BARISTA","BANDEJERA"}'),
  (rid,'LUNES','08:00','09:30',3,'{"CAMARERO_BASICO":2,"SEMI_ENCARGADO":1}','{"CAJERA","BARISTA","BANDEJERA"}'),
  (rid,'LUNES','09:30','12:00',3,'{"CAMARERO_BASICO":2,"SEMI_ENCARGADO":1}','{"CAJERA","BARISTA","BANDEJERA"}'),
  (rid,'LUNES','12:00','12:30',3,'{"CAMARERO_BASICO":2,"SEMI_ENCARGADO":1}','{"CAJERA","BARISTA","BANDEJERA"}'),
  (rid,'LUNES','12:30','13:00',2,'{"CAMARERO_BASICO":1,"SEMI_ENCARGADO":1}','{"COMANDERA","BARRA","DELIVERY"}'),
  (rid,'LUNES','13:00','14:00',2,'{"CAMARERO_BASICO":1,"SEMI_ENCARGADO":1}','{"COMANDERA","BARRA","DELIVERY"}'),
  (rid,'LUNES','14:00','16:00',2,'{"CAMARERO_BASICO":1,"SEMI_ENCARGADO":1}','{"COMANDERA","BARRA","DELIVERY"}'),
  (rid,'LUNES','16:00','16:30',2,'{"CAMARERO_BASICO":1,"SEMI_ENCARGADO":1}','{"CAJERA","BARISTA","BANDEJERA","COMANDERA"}'),
  (rid,'LUNES','16:30','17:00',2,'{"CAMARERO_BASICO":1,"SEMI_ENCARGADO":1}','{"CAJERA","BARISTA","BANDEJERA","COMANDERA"}'),
  (rid,'LUNES','17:00','18:00',2,'{"CAMARERO_BASICO":1,"SEMI_ENCARGADO":1}','{"CAJERA","BARISTA","BANDEJERA","COMANDERA"}'),
  (rid,'LUNES','18:00','18:30',2,'{"CAMARERO_BASICO":1,"SEMI_ENCARGADO":1}','{"CAJERA","BARISTA","BANDEJERA","COMANDERA"}'),
  (rid,'LUNES','18:30','20:00',2,'{"CAMARERO_BASICO":1,"SEMI_ENCARGADO":1}','{"CAJERA","BARISTA","BANDEJERA","COMANDERA"}'),
  (rid,'LUNES','20:00','22:00',2,'{"CAMARERO_BASICO":1,"SEMI_ENCARGADO":1}','{"COMANDERA","BARRA","DELIVERY","CIERRE","CONTABLE"}'),
  (rid,'LUNES','22:00','00:00',2,'{"CAMARERO_BASICO":1,"SEMI_ENCARGADO":1}','{"COMANDERA","BARRA","DELIVERY","CIERRE","CONTABLE"}'),
  -- MARTES (mismas franjas que LUNES)
  (rid,'MARTES','06:00','06:30',1,'{"CAMARERO_BASICO":1}','{"PASTAS"}'),
  (rid,'MARTES','06:30','07:00',1,'{"CAMARERO_BASICO":1}','{"PASTAS"}'),
  (rid,'MARTES','07:00','08:00',2,'{"CAMARERO_BASICO":2}','{"APERTURA","CAJERA","BARISTA","BANDEJERA"}'),
  (rid,'MARTES','08:00','09:30',3,'{"CAMARERO_BASICO":2,"SEMI_ENCARGADO":1}','{"CAJERA","BARISTA","BANDEJERA"}'),
  (rid,'MARTES','09:30','12:00',3,'{"CAMARERO_BASICO":2,"SEMI_ENCARGADO":1}','{"CAJERA","BARISTA","BANDEJERA"}'),
  (rid,'MARTES','12:00','12:30',3,'{"CAMARERO_BASICO":2,"SEMI_ENCARGADO":1}','{"CAJERA","BARISTA","BANDEJERA"}'),
  (rid,'MARTES','12:30','13:00',2,'{"CAMARERO_BASICO":1,"SEMI_ENCARGADO":1}','{"COMANDERA","BARRA","DELIVERY"}'),
  (rid,'MARTES','13:00','14:00',2,'{"CAMARERO_BASICO":1,"SEMI_ENCARGADO":1}','{"COMANDERA","BARRA","DELIVERY"}'),
  (rid,'MARTES','14:00','16:00',2,'{"CAMARERO_BASICO":1,"SEMI_ENCARGADO":1}','{"COMANDERA","BARRA","DELIVERY"}'),
  (rid,'MARTES','16:00','16:30',2,'{"CAMARERO_BASICO":1,"SEMI_ENCARGADO":1}','{"CAJERA","BARISTA","BANDEJERA","COMANDERA"}'),
  (rid,'MARTES','16:30','17:00',2,'{"CAMARERO_BASICO":1,"SEMI_ENCARGADO":1}','{"CAJERA","BARISTA","BANDEJERA","COMANDERA"}'),
  (rid,'MARTES','17:00','18:00',2,'{"CAMARERO_BASICO":1,"SEMI_ENCARGADO":1}','{"CAJERA","BARISTA","BANDEJERA","COMANDERA"}'),
  (rid,'MARTES','18:00','18:30',2,'{"CAMARERO_BASICO":1,"SEMI_ENCARGADO":1}','{"CAJERA","BARISTA","BANDEJERA","COMANDERA"}'),
  (rid,'MARTES','18:30','20:00',2,'{"CAMARERO_BASICO":1,"SEMI_ENCARGADO":1}','{"CAJERA","BARISTA","BANDEJERA","COMANDERA"}'),
  (rid,'MARTES','20:00','22:00',2,'{"CAMARERO_BASICO":1,"SEMI_ENCARGADO":1}','{"COMANDERA","BARRA","DELIVERY","CIERRE","CONTABLE"}'),
  (rid,'MARTES','22:00','00:00',2,'{"CAMARERO_BASICO":1,"SEMI_ENCARGADO":1}','{"COMANDERA","BARRA","DELIVERY","CIERRE","CONTABLE"}'),
  -- MIERCOLES
  (rid,'MIERCOLES','06:00','06:30',1,'{"CAMARERO_BASICO":1}','{"PASTAS"}'),
  (rid,'MIERCOLES','06:30','07:00',1,'{"CAMARERO_BASICO":1}','{"PASTAS"}'),
  (rid,'MIERCOLES','07:00','08:00',2,'{"CAMARERO_BASICO":2}','{"APERTURA","CAJERA","BARISTA","BANDEJERA"}'),
  (rid,'MIERCOLES','08:00','09:30',3,'{"CAMARERO_BASICO":2,"SEMI_ENCARGADO":1}','{"CAJERA","BARISTA","BANDEJERA"}'),
  (rid,'MIERCOLES','09:30','12:00',3,'{"CAMARERO_BASICO":2,"SEMI_ENCARGADO":1}','{"CAJERA","BARISTA","BANDEJERA"}'),
  (rid,'MIERCOLES','12:00','12:30',3,'{"CAMARERO_BASICO":2,"SEMI_ENCARGADO":1}','{"CAJERA","BARISTA","BANDEJERA"}'),
  (rid,'MIERCOLES','12:30','13:00',2,'{"CAMARERO_BASICO":1,"SEMI_ENCARGADO":1}','{"COMANDERA","BARRA","DELIVERY"}'),
  (rid,'MIERCOLES','13:00','14:00',2,'{"CAMARERO_BASICO":1,"SEMI_ENCARGADO":1}','{"COMANDERA","BARRA","DELIVERY"}'),
  (rid,'MIERCOLES','14:00','16:00',2,'{"CAMARERO_BASICO":1,"SEMI_ENCARGADO":1}','{"COMANDERA","BARRA","DELIVERY"}'),
  (rid,'MIERCOLES','16:00','16:30',2,'{"CAMARERO_BASICO":1,"SEMI_ENCARGADO":1}','{"CAJERA","BARISTA","BANDEJERA","COMANDERA"}'),
  (rid,'MIERCOLES','16:30','17:00',2,'{"CAMARERO_BASICO":1,"SEMI_ENCARGADO":1}','{"CAJERA","BARISTA","BANDEJERA","COMANDERA"}'),
  (rid,'MIERCOLES','17:00','18:00',2,'{"CAMARERO_BASICO":1,"SEMI_ENCARGADO":1}','{"CAJERA","BARISTA","BANDEJERA","COMANDERA"}'),
  (rid,'MIERCOLES','18:00','18:30',2,'{"CAMARERO_BASICO":1,"SEMI_ENCARGADO":1}','{"CAJERA","BARISTA","BANDEJERA","COMANDERA"}'),
  (rid,'MIERCOLES','18:30','20:00',2,'{"CAMARERO_BASICO":1,"SEMI_ENCARGADO":1}','{"CAJERA","BARISTA","BANDEJERA","COMANDERA"}'),
  (rid,'MIERCOLES','20:00','22:00',2,'{"CAMARERO_BASICO":1,"SEMI_ENCARGADO":1}','{"COMANDERA","BARRA","DELIVERY","CIERRE","CONTABLE"}'),
  (rid,'MIERCOLES','22:00','00:00',2,'{"CAMARERO_BASICO":1,"SEMI_ENCARGADO":1}','{"COMANDERA","BARRA","DELIVERY","CIERRE","CONTABLE"}'),
  -- JUEVES
  (rid,'JUEVES','06:00','06:30',1,'{"CAMARERO_BASICO":1}','{"PASTAS"}'),
  (rid,'JUEVES','06:30','07:00',1,'{"CAMARERO_BASICO":1}','{"PASTAS"}'),
  (rid,'JUEVES','07:00','08:00',2,'{"CAMARERO_BASICO":2}','{"APERTURA","CAJERA","BARISTA","BANDEJERA"}'),
  (rid,'JUEVES','08:00','09:30',3,'{"CAMARERO_BASICO":2,"SEMI_ENCARGADO":1}','{"CAJERA","BARISTA","BANDEJERA"}'),
  (rid,'JUEVES','09:30','12:00',3,'{"CAMARERO_BASICO":2,"SEMI_ENCARGADO":1}','{"CAJERA","BARISTA","BANDEJERA"}'),
  (rid,'JUEVES','12:00','12:30',3,'{"CAMARERO_BASICO":2,"SEMI_ENCARGADO":1}','{"CAJERA","BARISTA","BANDEJERA"}'),
  (rid,'JUEVES','12:30','13:00',2,'{"CAMARERO_BASICO":1,"SEMI_ENCARGADO":1}','{"COMANDERA","BARRA","DELIVERY"}'),
  (rid,'JUEVES','13:00','14:00',2,'{"CAMARERO_BASICO":1,"SEMI_ENCARGADO":1}','{"COMANDERA","BARRA","DELIVERY"}'),
  (rid,'JUEVES','14:00','16:00',2,'{"CAMARERO_BASICO":1,"SEMI_ENCARGADO":1}','{"COMANDERA","BARRA","DELIVERY"}'),
  (rid,'JUEVES','16:00','16:30',2,'{"CAMARERO_BASICO":1,"SEMI_ENCARGADO":1}','{"CAJERA","BARISTA","BANDEJERA","COMANDERA"}'),
  (rid,'JUEVES','16:30','17:00',2,'{"CAMARERO_BASICO":1,"SEMI_ENCARGADO":1}','{"CAJERA","BARISTA","BANDEJERA","COMANDERA"}'),
  (rid,'JUEVES','17:00','18:00',2,'{"CAMARERO_BASICO":1,"SEMI_ENCARGADO":1}','{"CAJERA","BARISTA","BANDEJERA","COMANDERA"}'),
  (rid,'JUEVES','18:00','18:30',2,'{"CAMARERO_BASICO":1,"SEMI_ENCARGADO":1}','{"CAJERA","BARISTA","BANDEJERA","COMANDERA"}'),
  (rid,'JUEVES','18:30','20:00',2,'{"CAMARERO_BASICO":1,"SEMI_ENCARGADO":1}','{"CAJERA","BARISTA","BANDEJERA","COMANDERA"}'),
  (rid,'JUEVES','20:00','22:00',2,'{"CAMARERO_BASICO":1,"SEMI_ENCARGADO":1}','{"COMANDERA","BARRA","DELIVERY","CIERRE","CONTABLE"}'),
  (rid,'JUEVES','22:00','00:00',2,'{"CAMARERO_BASICO":1,"SEMI_ENCARGADO":1}','{"COMANDERA","BARRA","DELIVERY","CIERRE","CONTABLE"}'),
  -- VIERNES
  (rid,'VIERNES','06:00','06:30',1,'{"CAMARERO_BASICO":1}','{"PASTAS"}'),
  (rid,'VIERNES','06:30','07:00',1,'{"CAMARERO_BASICO":1}','{"PASTAS"}'),
  (rid,'VIERNES','07:00','08:00',2,'{"CAMARERO_BASICO":2}','{"APERTURA","CAJERA","BARISTA","BANDEJERA"}'),
  (rid,'VIERNES','08:00','09:30',3,'{"CAMARERO_BASICO":2,"SEMI_ENCARGADO":1}','{"CAJERA","BARISTA","BANDEJERA"}'),
  (rid,'VIERNES','09:30','12:00',3,'{"CAMARERO_BASICO":2,"SEMI_ENCARGADO":1}','{"CAJERA","BARISTA","BANDEJERA"}'),
  (rid,'VIERNES','12:00','12:30',3,'{"CAMARERO_BASICO":2,"SEMI_ENCARGADO":1}','{"CAJERA","BARISTA","BANDEJERA"}'),
  (rid,'VIERNES','12:30','13:00',2,'{"CAMARERO_BASICO":1,"SEMI_ENCARGADO":1}','{"COMANDERA","BARRA","DELIVERY"}'),
  (rid,'VIERNES','13:00','14:00',2,'{"CAMARERO_BASICO":1,"SEMI_ENCARGADO":1}','{"COMANDERA","BARRA","DELIVERY"}'),
  (rid,'VIERNES','14:00','16:00',2,'{"CAMARERO_BASICO":1,"SEMI_ENCARGADO":1}','{"COMANDERA","BARRA","DELIVERY"}'),
  (rid,'VIERNES','16:00','16:30',2,'{"CAMARERO_BASICO":1,"SEMI_ENCARGADO":1}','{"CAJERA","BARISTA","BANDEJERA","COMANDERA"}'),
  (rid,'VIERNES','16:30','17:00',2,'{"CAMARERO_BASICO":1,"SEMI_ENCARGADO":1}','{"CAJERA","BARISTA","BANDEJERA","COMANDERA"}'),
  (rid,'VIERNES','17:00','18:00',2,'{"CAMARERO_BASICO":1,"SEMI_ENCARGADO":1}','{"CAJERA","BARISTA","BANDEJERA","COMANDERA"}'),
  (rid,'VIERNES','18:00','18:30',3,'{"CAMARERO_BASICO":2,"SEMI_ENCARGADO":1}','{"CAJERA","BARISTA","BANDEJERA","COMANDERA"}'),
  (rid,'VIERNES','18:30','20:00',3,'{"CAMARERO_BASICO":2,"SEMI_ENCARGADO":1}','{"CAJERA","BARISTA","BANDEJERA","COMANDERA"}'),
  (rid,'VIERNES','20:00','22:00',4,'{"CAMARERO_BASICO":2,"SEMI_ENCARGADO":1,"ENCARGADO":1}','{"COMANDERA","BARRA","DELIVERY","CIERRE","CONTABLE"}'),
  (rid,'VIERNES','22:00','00:00',4,'{"CAMARERO_BASICO":2,"SEMI_ENCARGADO":1,"ENCARGADO":1}','{"COMANDERA","BARRA","DELIVERY","CIERRE","CONTABLE"}'),
  -- SABADO (apertura 06:30)
  (rid,'SABADO','06:30','07:30',1,'{"CAMARERO_BASICO":1}','{"PASTAS"}'),
  (rid,'SABADO','07:30','08:00',2,'{"CAMARERO_BASICO":2}','{"APERTURA","CAJERA","BARISTA","BANDEJERA"}'),
  (rid,'SABADO','08:00','09:30',3,'{"CAMARERO_BASICO":2,"SEMI_ENCARGADO":1}','{"CAJERA","BARISTA","BANDEJERA"}'),
  (rid,'SABADO','09:30','12:00',4,'{"CAMARERO_BASICO":3,"SEMI_ENCARGADO":1}','{"CAJERA","BARISTA","BANDEJERA"}'),
  (rid,'SABADO','12:00','12:30',4,'{"CAMARERO_BASICO":3,"SEMI_ENCARGADO":1}','{"CAJERA","BARISTA","BANDEJERA"}'),
  (rid,'SABADO','12:30','13:00',2,'{"CAMARERO_BASICO":1,"SEMI_ENCARGADO":1}','{"COMANDERA","BARRA","DELIVERY"}'),
  (rid,'SABADO','13:00','14:00',2,'{"CAMARERO_BASICO":1,"SEMI_ENCARGADO":1}','{"COMANDERA","BARRA","DELIVERY"}'),
  (rid,'SABADO','14:00','16:00',2,'{"CAMARERO_BASICO":1,"SEMI_ENCARGADO":1}','{"COMANDERA","BARRA","DELIVERY"}'),
  (rid,'SABADO','16:00','16:30',2,'{"CAMARERO_BASICO":1,"SEMI_ENCARGADO":1}','{"CAJERA","BARISTA","BANDEJERA","COMANDERA"}'),
  (rid,'SABADO','16:30','17:00',2,'{"CAMARERO_BASICO":1,"SEMI_ENCARGADO":1}','{"CAJERA","BARISTA","BANDEJERA","COMANDERA"}'),
  (rid,'SABADO','17:00','18:00',2,'{"CAMARERO_BASICO":1,"SEMI_ENCARGADO":1}','{"CAJERA","BARISTA","BANDEJERA","COMANDERA"}'),
  (rid,'SABADO','18:00','18:30',3,'{"CAMARERO_BASICO":2,"SEMI_ENCARGADO":1}','{"CAJERA","BARISTA","BANDEJERA","COMANDERA"}'),
  (rid,'SABADO','18:30','20:00',3,'{"CAMARERO_BASICO":2,"SEMI_ENCARGADO":1}','{"CAJERA","BARISTA","BANDEJERA","COMANDERA"}'),
  (rid,'SABADO','20:00','22:00',4,'{"CAMARERO_BASICO":2,"SEMI_ENCARGADO":1,"ENCARGADO":1}','{"COMANDERA","BARRA","DELIVERY","CIERRE","CONTABLE"}'),
  (rid,'SABADO','22:00','00:00',4,'{"CAMARERO_BASICO":2,"SEMI_ENCARGADO":1,"ENCARGADO":1}','{"COMANDERA","BARRA","DELIVERY","CIERRE","CONTABLE"}'),
  -- DOMINGO (apertura 06:30, sin ENCARGADO requerido)
  (rid,'DOMINGO','06:30','07:30',1,'{"CAMARERO_BASICO":1}','{"PASTAS"}'),
  (rid,'DOMINGO','07:30','08:00',2,'{"CAMARERO_BASICO":2}','{"APERTURA","CAJERA","BARISTA","BANDEJERA"}'),
  (rid,'DOMINGO','08:00','09:30',3,'{"CAMARERO_BASICO":2,"SEMI_ENCARGADO":1}','{"CAJERA","BARISTA","BANDEJERA"}'),
  (rid,'DOMINGO','09:30','12:00',4,'{"CAMARERO_BASICO":3,"SEMI_ENCARGADO":1}','{"CAJERA","BARISTA","BANDEJERA"}'),
  (rid,'DOMINGO','12:00','12:30',4,'{"CAMARERO_BASICO":3,"SEMI_ENCARGADO":1}','{"CAJERA","BARISTA","BANDEJERA"}'),
  (rid,'DOMINGO','12:30','13:00',2,'{"CAMARERO_BASICO":1,"SEMI_ENCARGADO":1}','{"COMANDERA","BARRA","DELIVERY"}'),
  (rid,'DOMINGO','13:00','14:00',2,'{"CAMARERO_BASICO":1,"SEMI_ENCARGADO":1}','{"COMANDERA","BARRA","DELIVERY"}'),
  (rid,'DOMINGO','14:00','16:00',2,'{"CAMARERO_BASICO":1,"SEMI_ENCARGADO":1}','{"COMANDERA","BARRA","DELIVERY"}'),
  (rid,'DOMINGO','16:00','16:30',2,'{"CAMARERO_BASICO":1,"SEMI_ENCARGADO":1}','{"CAJERA","BARISTA","BANDEJERA","COMANDERA"}'),
  (rid,'DOMINGO','16:30','17:00',2,'{"CAMARERO_BASICO":1,"SEMI_ENCARGADO":1}','{"CAJERA","BARISTA","BANDEJERA","COMANDERA"}'),
  (rid,'DOMINGO','17:00','18:00',2,'{"CAMARERO_BASICO":1,"SEMI_ENCARGADO":1}','{"CAJERA","BARISTA","BANDEJERA","COMANDERA"}'),
  (rid,'DOMINGO','18:00','18:30',2,'{"CAMARERO_BASICO":1,"SEMI_ENCARGADO":1}','{"CAJERA","BARISTA","BANDEJERA","COMANDERA"}'),
  (rid,'DOMINGO','18:30','20:00',2,'{"CAMARERO_BASICO":1,"SEMI_ENCARGADO":1}','{"CAJERA","BARISTA","BANDEJERA","COMANDERA"}'),
  (rid,'DOMINGO','20:00','22:00',2,'{"CAMARERO_BASICO":1,"SEMI_ENCARGADO":1}','{"COMANDERA","BARRA","DELIVERY","CIERRE","CONTABLE"}'),
  (rid,'DOMINGO','22:00','00:00',2,'{"CAMARERO_BASICO":1,"SEMI_ENCARGADO":1}','{"COMANDERA","BARRA","DELIVERY","CIERRE","CONTABLE"}')
ON CONFLICT (restaurant_id, dia, inicio, fin) DO NOTHING;

END $$;
